{"cameraMode":{"drawMode":0,"name":"Shaded","section":"Shading Mode"},"sceneLighting":true,"audioPlay":false,"sceneViewState":{"m_AlwaysRefresh":true,"showFog":true,"showSkybox":true,"showFlares":true,"showImageEffects":true,"showParticleSystems":true,"showVisualEffectGraphs":true,"m_FxEnabled":true},"in2DMode":false,"pivot":{"x":-24.897024154663087,"y":0.11254537105560303,"z":-21.878808975219728},"rotation":{"x":-0.3615882694721222,"y":0.10816973447799683,"z":-0.04227007180452347,"w":-0.9250859618186951},"size":5.026271820068359,"orthographic":false}