{"cameraMode":{"drawMode":0,"name":"Shaded","section":"Shading Mode"},"sceneLighting":true,"audioPlay":false,"sceneViewState":{"m_AlwaysRefresh":false,"showFog":true,"showSkybox":true,"showFlares":true,"showImageEffects":true,"showParticleSystems":true,"showVisualEffectGraphs":true,"m_FxEnabled":true},"in2DMode":false,"pivot":{"x":-336.9612121582031,"y":-60.161590576171878,"z":4.835113525390625},"rotation":{"x":0.4751695990562439,"y":-0.022434260696172715,"z":0.012127149850130082,"w":0.8795760869979858},"size":56.483238220214847,"orthographic":false}