{"cameraMode":{"drawMode":0,"name":"Shaded","section":"Shading Mode"},"sceneLighting":true,"audioPlay":false,"sceneViewState":{"m_AlwaysRefresh":false,"showFog":true,"showSkybox":true,"showFlares":true,"showImageEffects":true,"showParticleSystems":true,"showVisualEffectGraphs":true,"m_FxEnabled":true},"in2DMode":false,"pivot":{"x":-331.0003356933594,"y":-7.3468804359436039,"z":0.7018356323242188},"rotation":{"x":0.20034435391426087,"y":0.10119353979825974,"z":-0.020809141919016839,"w":0.9742653369903565},"size":24.34873390197754,"orthographic":false}