{"cameraMode":{"drawMode":0,"name":"Shaded","section":"Shading Mode"},"sceneLighting":true,"audioPlay":false,"sceneViewState":{"m_AlwaysRefresh":false,"showFog":true,"showSkybox":true,"showFlares":true,"showImageEffects":true,"showParticleSystems":true,"showVisualEffectGraphs":true,"m_FxEnabled":true},"in2DMode":false,"pivot":{"x":1.8130900859832764,"y":7.727346897125244,"z":-16.248435974121095},"rotation":{"x":-0.07049750536680222,"y":0.08428476750850678,"z":-0.005978103261440992,"w":-0.993927538394928},"size":9.932967185974121,"orthographic":false}