{"cameraMode":{"drawMode":0,"name":"Shaded","section":"Shading Mode"},"sceneLighting":true,"audioPlay":false,"sceneViewState":{"m_AlwaysRefresh":false,"showFog":true,"showSkybox":true,"showFlares":true,"showImageEffects":true,"showParticleSystems":true,"showVisualEffectGraphs":true,"m_FxEnabled":true},"in2DMode":false,"pivot":{"x":203.55966186523438,"y":0.12239742279052735,"z":287.6054382324219},"rotation":{"x":0.18672969937324525,"y":0.2403903603553772,"z":-0.04718237742781639,"w":0.9513786435127258},"size":6.247349739074707,"orthographic":false}