{"cameraMode":{"drawMode":0,"name":"Shaded","section":"Shading Mode"},"sceneLighting":true,"audioPlay":false,"sceneViewState":{"m_AlwaysRefresh":false,"showFog":true,"showSkybox":true,"showFlares":true,"showImageEffects":true,"showParticleSystems":true,"showVisualEffectGraphs":true,"m_FxEnabled":true},"in2DMode":false,"pivot":{"x":-3.4047913551330568,"y":7.751918792724609,"z":-4.5111165046691898},"rotation":{"x":-0.2186565399169922,"y":0.05616776645183563,"z":-0.012607946060597897,"w":-0.9741025567054749},"size":7.628448009490967,"orthographic":false}