{"cameraMode":{"drawMode":0,"name":"Shaded","section":"Shading Mode"},"sceneLighting":true,"audioPlay":false,"sceneViewState":{"m_AlwaysRefresh":false,"showFog":true,"showSkybox":true,"showFlares":true,"showImageEffects":true,"showParticleSystems":true,"showVisualEffectGraphs":true,"m_FxEnabled":true},"in2DMode":false,"pivot":{"x":-337.8113098144531,"y":2.808846950531006,"z":14.620895385742188},"rotation":{"x":0.15997521579265595,"y":0.5370973944664002,"z":-0.10458124428987503,"w":0.8215844035148621},"size":3.2279860973358156,"orthographic":false}