{"cameraMode":{"drawMode":0,"name":"Shaded","section":"Shading Mode"},"sceneLighting":true,"audioPlay":false,"sceneViewState":{"m_AlwaysRefresh":false,"showFog":true,"showSkybox":false,"showFlares":true,"showImageEffects":true,"showParticleSystems":true,"showVisualEffectGraphs":true,"m_FxEnabled":true},"in2DMode":false,"pivot":{"x":-1.6784813404083253,"y":0.5875446796417236,"z":-0.3540395498275757},"rotation":{"x":0.10445640981197357,"y":0.7869744300842285,"z":-0.13881613314151765,"w":0.5920714735984802},"size":2.8365068435668947,"orthographic":false}